,Target,PBS,RT,score
167,,,,4.7627949714660645
156,,,,4.604922771453857
168,,,,4.602527141571045
142,,,,4.565584182739258
169,,,,4.557400703430176
157,,,,4.4934234619140625
158,,,,4.422544956207275
65,,,,4.415248870849609
145,,,,4.390322685241699
53,,,,4.363536834716797
